{
    "parent": "minecraft:block/gravel",
	"author": "ybw0014",
    "textures": {
		"0": "items/ybw0014/slimetinker/materials/blocks/smeltery_controller",
		"1": "items/ybw0014/slimetinker/materials/blocks/seared_brick"
    },
    "elements": [
		{
			"from": [0, 0, 0],
			"to": [16, 16, 16],
			"faces": {
				"north": {"uv": [0, 0, 16, 16], "texture": "#0"},
				"east": {"uv": [0, 0, 16, 16], "texture": "#1"},
				"south": {"uv": [0, 0, 16, 16], "texture": "#0"},
				"west": {"uv": [0, 0, 16, 16], "texture": "#1"},
				"up": {"uv": [0, 0, 16, 16], "texture": "#1"},
				"down": {"uv": [0, 0, 16, 16], "texture": "#1"}
			}
		}
    ]
}
