{
	"textures": {
		"all": "block/crafting_table",
		"particle": "#all"
	},
	"elements": [
		{
			"from": [0, 0, 0],
			"to": [16, 16, 16],
			"faces": {
				"north": {"uv": [7.5, 0, 8, 0.5], "texture": "#all"},
				"east": {"uv": [0, 8, 8, 16], "texture": "#all"},
				"south": {"uv": [8, 0, 16, 8], "texture": "#all"},
				"west": {"uv": [0, 0, 0.5, 0.5], "texture": "#all"},
				"up": {"uv": [8, 8, 16, 16], "texture": "#all"},
				"down": {"uv": [0.5, 0.5, 7.501, 7.501], "texture": "#all"}
			}
		},
		{
			"from": [-0.92, -0.5, -0.92],
			"to": [1.08, 17.5, 1.08],
			"faces": {
				"north": {"uv": [0.22, 0, 0.28, 0.5], "texture": "#all"},
				"east": {"uv": [0.22, 0, 0.28, 0.5], "texture": "#all"},
				"south": {"uv": [0.22, 0, 0.28, 0.5], "texture": "#all"},
				"west": {"uv": [0.22, 0, 0.28, 0.5], "texture": "#all"},
				"up": {"uv": [0.22, 0, 0.28, 0.5], "texture": "#all"},
				"down": {"uv": [0.22, 0, 0.28, 0.5], "texture": "#all"}
			}
		},
		{
			"from": [-0.91, -0.5, 14.9],
			"to": [1.09, 17.5, 16.9],
			"faces": {
				"north": {"uv": [0.22, 0, 0.28, 0.5], "texture": "#all"},
				"east": {"uv": [0.22, 0, 0.28, 0.5], "texture": "#all"},
				"south": {"uv": [0.22, 0, 0.28, 0.5], "texture": "#all"},
				"west": {"uv": [0.22, 0, 0.28, 0.5], "texture": "#all"},
				"up": {"uv": [0.22, 0, 0.28, 0.5], "texture": "#all"},
				"down": {"uv": [0.22, 0, 0.28, 0.5], "texture": "#all"}
			}
		},
		{
			"from": [-0.9, 16, 1],
			"to": [0.1, 17, 15],
			"faces": {
				"north": {"uv": [0.22, 0, 0.28, 0.5], "texture": "#all"},
				"east": {"uv": [0.22, 0, 0.28, 0.5], "texture": "#all"},
				"south": {"uv": [0.22, 0, 0.28, 0.5], "texture": "#all"},
				"west": {"uv": [0.22, 0, 0.28, 0.5], "texture": "#all"},
				"up": {"uv": [0.22, 0, 0.28, 0.5], "texture": "#all"},
				"down": {"uv": [0.22, 0, 0.28, 0.5], "texture": "#all"}
			}
		},
		{
			"from": [1, 16, -0.9],
			"to": [15, 17, 0.1],
			"faces": {
				"north": {"uv": [0.22, 0, 0.28, 0.5], "rotation": 270, "texture": "#all"},
				"east": {"uv": [0.22, 0, 0.28, 0.5], "rotation": 270, "texture": "#all"},
				"south": {"uv": [0.22, 0, 0.28, 0.5], "rotation": 270, "texture": "#all"},
				"west": {"uv": [0.22, 0, 0.28, 0.5], "rotation": 270, "texture": "#all"},
				"up": {"uv": [0.22, 0, 0.28, 0.5], "rotation": 270, "texture": "#all"},
				"down": {"uv": [0.22, 0, 0.28, 0.5], "rotation": 270, "texture": "#all"}
			}
		},
		{
			"from": [14.9, -0.5, -0.9],
			"to": [16.9, 17.5, 1.1],
			"faces": {
				"north": {"uv": [0.22, 0, 0.28, 0.5], "texture": "#all"},
				"east": {"uv": [0.22, 0, 0.28, 0.5], "texture": "#all"},
				"south": {"uv": [0.22, 0, 0.28, 0.5], "texture": "#all"},
				"west": {"uv": [0.22, 0, 0.28, 0.5], "texture": "#all"},
				"up": {"uv": [0.22, 0, 0.28, 0.5], "texture": "#all"},
				"down": {"uv": [0.22, 0, 0.28, 0.5], "texture": "#all"}
			}
		},
		{
			"from": [4, 14.5, 4],
			"to": [6, 17.5, 11],
			"rotation": {"angle": -45, "axis": "y", "origin": [5.5, 17, 5.83333]},
			"faces": {
				"north": {"uv": [0.22, 0, 0.28, 0.5], "texture": "#all"},
				"east": {"uv": [0.22, 0, 0.28, 0.5], "texture": "#all"},
				"south": {"uv": [0.22, 0, 0.28, 0.5], "texture": "#all"},
				"west": {"uv": [0.22, 0, 0.28, 0.5], "texture": "#all"},
				"up": {"uv": [0.22, 0, 0.28, 0.5], "texture": "#all"},
				"down": {"uv": [0.22, 0, 0.28, 0.5], "texture": "#all"}
			}
		},
		{
			"from": [2, 14, 1],
			"to": [8, 18, 4],
			"rotation": {"angle": -45, "axis": "y", "origin": [5.5, 17, 5.83333]},
			"faces": {
				"north": {"uv": [0, 7.5, 0.5, 8], "texture": "#all"},
				"east": {"uv": [0, 7.5, 0.5, 8], "texture": "#all"},
				"south": {"uv": [0, 7.5, 0.5, 8], "texture": "#all"},
				"west": {"uv": [0, 7.5, 0.5, 8], "texture": "#all"},
				"up": {"uv": [0, 7.5, 0.5, 8], "texture": "#all"},
				"down": {"uv": [0, 7.5, 0.5, 8], "texture": "#all"}
			}
		},
		{
			"from": [3, 6, 16],
			"to": [3.25, 7, 16.25],
			"rotation": {"angle": 0, "axis": "y", "origin": [16, 0, 0]},
			"faces": {
				"north": {"uv": [7.688, 7.61, 7.696, 7.641], "texture": "#all"},
				"east": {"uv": [7.688, 7.61, 7.696, 7.641], "texture": "#all"},
				"south": {"uv": [7.688, 7.61, 7.696, 7.641], "texture": "#all"},
				"west": {"uv": [7.688, 7.61, 7.696, 7.641], "texture": "#all"},
				"up": {"uv": [7.688, 7.61, 7.696, 7.641], "rotation": 90, "texture": "#all"},
				"down": {"uv": [7.688, 7.61, 7.696, 7.641], "rotation": 270, "texture": "#all"}
			}
		},
		{
			"from": [3.25, 5.75, 16],
			"to": [3.5, 7.25, 16.25],
			"rotation": {"angle": 0, "axis": "y", "origin": [16, 0, 0]},
			"faces": {
				"north": {"uv": [7.696, 7.602, 7.704, 7.648], "texture": "#all"},
				"east": {"uv": [7.696, 7.602, 7.704, 7.648], "texture": "#all"},
				"south": {"uv": [7.696, 7.602, 7.704, 7.648], "texture": "#all"},
				"west": {"uv": [7.696, 7.602, 7.704, 7.648], "texture": "#all"},
				"up": {"uv": [7.696, 7.602, 7.704, 7.648], "rotation": 90, "texture": "#all"},
				"down": {"uv": [7.696, 7.602, 7.704, 7.648], "rotation": 270, "texture": "#all"}
			}
		},
		{
			"from": [3.75, 5, 16],
			"to": [4, 8, 16.25],
			"rotation": {"angle": 0, "axis": "y", "origin": [16, 0, 0]},
			"faces": {
				"north": {"uv": [7.711, 7.579, 7.719, 7.664], "texture": "#all"},
				"east": {"uv": [7.711, 7.579, 7.719, 7.664], "texture": "#all"},
				"south": {"uv": [7.711, 7.579, 7.719, 7.664], "texture": "#all"},
				"west": {"uv": [7.711, 7.579, 7.719, 7.664], "texture": "#all"},
				"up": {"uv": [7.711, 7.579, 7.719, 7.664], "rotation": 90, "texture": "#all"},
				"down": {"uv": [7.711, 7.579, 7.719, 7.664], "rotation": 270, "texture": "#all"}
			}
		},
		{
			"from": [3.5, 5.5, 16],
			"to": [3.75, 7.5, 16.25],
			"rotation": {"angle": 0, "axis": "y", "origin": [16, 0, 0]},
			"faces": {
				"north": {"uv": [7.704, 7.594, 7.712, 7.656], "texture": "#all"},
				"east": {"uv": [7.704, 7.594, 7.712, 7.656], "texture": "#all"},
				"south": {"uv": [7.704, 7.594, 7.712, 7.656], "texture": "#all"},
				"west": {"uv": [7.704, 7.594, 7.712, 7.656], "texture": "#all"},
				"up": {"uv": [7.704, 7.594, 7.712, 7.656], "rotation": 90, "texture": "#all"},
				"down": {"uv": [7.704, 7.594, 7.712, 7.656], "rotation": 270, "texture": "#all"}
			}
		},
		{
			"from": [4, 7.25, 16],
			"to": [4.25, 8.5, 16.25],
			"rotation": {"angle": 0, "axis": "y", "origin": [16, 0, 0]},
			"faces": {
				"north": {"uv": [7.719, 7.564, 7.727, 7.602], "texture": "#all"},
				"east": {"uv": [7.719, 7.564, 7.727, 7.602], "texture": "#all"},
				"south": {"uv": [7.719, 7.564, 7.727, 7.602], "texture": "#all"},
				"west": {"uv": [7.719, 7.564, 7.727, 7.602], "texture": "#all"},
				"up": {"uv": [7.719, 7.564, 7.727, 7.602], "rotation": 90, "texture": "#all"},
				"down": {"uv": [7.719, 7.564, 7.727, 7.602], "rotation": 270, "texture": "#all"}
			}
		},
		{
			"from": [4.25, 6.75, 16],
			"to": [4.5, 8.5, 16.25],
			"rotation": {"angle": 0, "axis": "y", "origin": [16, 0, 0]},
			"faces": {
				"north": {"uv": [7.727, 7.564, 7.735, 7.618], "texture": "#all"},
				"east": {"uv": [7.727, 7.564, 7.735, 7.618], "texture": "#all"},
				"south": {"uv": [7.727, 7.564, 7.735, 7.618], "texture": "#all"},
				"west": {"uv": [7.727, 7.564, 7.735, 7.618], "texture": "#all"},
				"up": {"uv": [7.727, 7.564, 7.735, 7.618], "rotation": 90, "texture": "#all"},
				"down": {"uv": [7.727, 7.564, 7.735, 7.618], "rotation": 270, "texture": "#all"}
			}
		},
		{
			"from": [4.5, 5.25, 16],
			"to": [4.75, 8, 16.25],
			"rotation": {"angle": 0, "axis": "y", "origin": [16, 0, 0]},
			"faces": {
				"north": {"uv": [7.735, 7.58, 7.743, 7.665], "texture": "#all"},
				"east": {"uv": [7.735, 7.58, 7.743, 7.665], "texture": "#all"},
				"south": {"uv": [7.735, 7.58, 7.743, 7.665], "texture": "#all"},
				"west": {"uv": [7.735, 7.58, 7.743, 7.665], "texture": "#all"},
				"up": {"uv": [7.735, 7.58, 7.743, 7.665], "rotation": 90, "texture": "#all"},
				"down": {"uv": [7.735, 7.58, 7.743, 7.665], "rotation": 270, "texture": "#all"}
			}
		},
		{
			"from": [4.75, 5.5, 16],
			"to": [5, 7.5, 16.25],
			"rotation": {"angle": 0, "axis": "y", "origin": [16, 0, 0]},
			"faces": {
				"north": {"uv": [7.743, 7.588, 7.751, 7.657], "texture": "#all"},
				"east": {"uv": [7.743, 7.588, 7.751, 7.657], "texture": "#all"},
				"south": {"uv": [7.743, 7.588, 7.751, 7.657], "texture": "#all"},
				"west": {"uv": [7.743, 7.588, 7.751, 7.657], "texture": "#all"},
				"up": {"uv": [7.743, 7.588, 7.751, 7.657], "rotation": 90, "texture": "#all"},
				"down": {"uv": [7.743, 7.588, 7.751, 7.657], "rotation": 270, "texture": "#all"}
			}
		},
		{
			"from": [5, 5.75, 16],
			"to": [5.25, 7.25, 16.25],
			"rotation": {"angle": 0, "axis": "y", "origin": [16, 0, 0]},
			"faces": {
				"north": {"uv": [7.743, 7.588, 7.751, 7.657], "texture": "#all"},
				"east": {"uv": [7.743, 7.588, 7.751, 7.657], "texture": "#all"},
				"south": {"uv": [7.751, 7.604, 7.759, 7.649], "texture": "#all"},
				"west": {"uv": [7.743, 7.588, 7.751, 7.657], "texture": "#all"},
				"up": {"uv": [7.743, 7.588, 7.751, 7.657], "rotation": 90, "texture": "#all"},
				"down": {"uv": [7.743, 7.588, 7.751, 7.657], "rotation": 270, "texture": "#all"}
			}
		},
		{
			"from": [3.25, 9, 16],
			"to": [3.5, 10.25, 16.25],
			"rotation": {"angle": 0, "axis": "y", "origin": [16, 0, 0]},
			"faces": {
				"north": {"uv": [7.697, 7.511, 7.706, 7.548], "texture": "#all"},
				"east": {"uv": [7.697, 7.511, 7.706, 7.548], "texture": "#all"},
				"south": {"uv": [7.697, 7.511, 7.706, 7.548], "texture": "#all"},
				"west": {"uv": [7.697, 7.511, 7.706, 7.548], "texture": "#all"},
				"up": {"uv": [7.697, 7.511, 7.706, 7.548], "rotation": 90, "texture": "#all"},
				"down": {"uv": [7.697, 7.511, 7.706, 7.548], "rotation": 270, "texture": "#all"}
			}
		},
		{
			"from": [5.25, 6, 16],
			"to": [5.5, 7, 16.25],
			"rotation": {"angle": 0, "axis": "y", "origin": [16, 0, 0]},
			"faces": {
				"north": {"uv": [7.743, 7.588, 7.751, 7.657], "texture": "#all"},
				"east": {"uv": [7.743, 7.588, 7.751, 7.657], "texture": "#all"},
				"south": {"uv": [7.759, 7.612, 7.767, 7.641], "texture": "#all"},
				"west": {"uv": [7.743, 7.588, 7.751, 7.657], "texture": "#all"},
				"up": {"uv": [7.743, 7.588, 7.751, 7.657], "rotation": 90, "texture": "#all"},
				"down": {"uv": [7.743, 7.588, 7.751, 7.657], "rotation": 270, "texture": "#all"}
			}
		},
		{
			"from": [3.5, 8.5, 16],
			"to": [3.75, 10.5, 16.25],
			"rotation": {"angle": 0, "axis": "y", "origin": [16, 0, 0]},
			"faces": {
				"north": {"uv": [7.706, 7.503, 7.714, 7.556], "texture": "#all"},
				"east": {"uv": [7.706, 7.503, 7.714, 7.556], "texture": "#all"},
				"south": {"uv": [7.706, 7.503, 7.714, 7.556], "texture": "#all"},
				"west": {"uv": [7.706, 7.503, 7.714, 7.556], "texture": "#all"},
				"up": {"uv": [7.706, 7.503, 7.714, 7.556], "rotation": 90, "texture": "#all"},
				"down": {"uv": [7.706, 7.503, 7.714, 7.556], "rotation": 270, "texture": "#all"}
			}
		},
		{
			"from": [3.75, 8.25, 16],
			"to": [4, 10, 16.25],
			"rotation": {"angle": 0, "axis": "y", "origin": [16, 0, 0]},
			"faces": {
				"north": {"uv": [7.711, 7.516, 7.719, 7.569], "texture": "#all"},
				"east": {"uv": [7.711, 7.516, 7.719, 7.569], "texture": "#all"},
				"south": {"uv": [7.711, 7.516, 7.719, 7.569], "texture": "#all"},
				"west": {"uv": [7.711, 7.516, 7.719, 7.569], "texture": "#all"},
				"up": {"uv": [7.711, 7.516, 7.719, 7.569], "rotation": 90, "texture": "#all"},
				"down": {"uv": [7.711, 7.516, 7.719, 7.569], "rotation": 270, "texture": "#all"}
			}
		},
		{
			"from": [4.5, 8.25, 16],
			"to": [4.75, 10, 16.25],
			"rotation": {"angle": 0, "axis": "y", "origin": [16, 0, 0]},
			"faces": {
				"north": {"uv": [7.711, 7.516, 7.719, 7.569], "texture": "#all"},
				"east": {"uv": [7.711, 7.516, 7.719, 7.569], "texture": "#all"},
				"south": {"uv": [7.711, 7.516, 7.719, 7.569], "texture": "#all"},
				"west": {"uv": [7.711, 7.516, 7.719, 7.569], "texture": "#all"},
				"up": {"uv": [7.711, 7.516, 7.719, 7.569], "rotation": 90, "texture": "#all"},
				"down": {"uv": [7.711, 7.516, 7.719, 7.569], "rotation": 270, "texture": "#all"}
			}
		},
		{
			"from": [4.75, 8.5, 16],
			"to": [5, 10.5, 16.25],
			"rotation": {"angle": 0, "axis": "y", "origin": [16, 0, 0]},
			"faces": {
				"north": {"uv": [7.706, 7.503, 7.714, 7.556], "texture": "#all"},
				"east": {"uv": [7.706, 7.503, 7.714, 7.556], "texture": "#all"},
				"south": {"uv": [7.706, 7.503, 7.714, 7.556], "texture": "#all"},
				"west": {"uv": [7.706, 7.503, 7.714, 7.556], "texture": "#all"},
				"up": {"uv": [7.706, 7.503, 7.714, 7.556], "rotation": 90, "texture": "#all"},
				"down": {"uv": [7.706, 7.503, 7.714, 7.556], "rotation": 270, "texture": "#all"}
			}
		},
		{
			"from": [5, 9, 16],
			"to": [5.25, 10.25, 16.25],
			"rotation": {"angle": 0, "axis": "y", "origin": [16, 0, 0]},
			"faces": {
				"north": {"uv": [7.697, 7.511, 7.706, 7.548], "texture": "#all"},
				"east": {"uv": [7.697, 7.511, 7.706, 7.548], "texture": "#all"},
				"south": {"uv": [7.697, 7.511, 7.706, 7.548], "texture": "#all"},
				"west": {"uv": [7.697, 7.511, 7.706, 7.548], "texture": "#all"},
				"up": {"uv": [7.697, 7.511, 7.706, 7.548], "rotation": 90, "texture": "#all"},
				"down": {"uv": [7.697, 7.511, 7.706, 7.548], "rotation": 270, "texture": "#all"}
			}
		},
		{
			"from": [16, 5, 11],
			"to": [17, 7, 14],
			"faces": {
				"north": {"uv": [7.5, 7.641, 7.594, 7.703], "texture": "#all"},
				"east": {"uv": [7.5, 7.641, 7.594, 7.703], "texture": "#all"},
				"south": {"uv": [7.5, 7.641, 7.594, 7.703], "texture": "#all"},
				"west": {"uv": [7.5, 7.641, 7.594, 7.703], "texture": "#all"},
				"up": {"uv": [7.5, 7.641, 7.594, 7.703], "rotation": 180, "texture": "#all"},
				"down": {"uv": [7.5, 7.641, 7.594, 7.703], "rotation": 180, "texture": "#all"}
			}
		},
		{
			"from": [16, 7, 12],
			"to": [17, 11, 13],
			"faces": {
				"north": {"uv": [7.532, 7.508, 7.555, 7.64], "texture": "#all"},
				"east": {"uv": [7.532, 7.508, 7.555, 7.64], "texture": "#all"},
				"south": {"uv": [7.532, 7.508, 7.555, 7.64], "texture": "#all"},
				"west": {"uv": [7.532, 7.508, 7.555, 7.64], "texture": "#all"},
				"up": {"uv": [7.532, 7.508, 7.555, 7.64], "rotation": 180, "texture": "#all"},
				"down": {"uv": [7.532, 7.508, 7.555, 7.64], "rotation": 180, "texture": "#all"}
			}
		},
		{
			"from": [16.75, 11, 12],
			"to": [17, 11.25, 13],
			"faces": {
				"north": {"uv": [7.532, 7.508, 7.555, 7.64], "texture": "#all"},
				"east": {"uv": [7.532, 7.508, 7.555, 7.64], "texture": "#all"},
				"south": {"uv": [7.532, 7.508, 7.555, 7.64], "texture": "#all"},
				"west": {"uv": [7.532, 7.508, 7.555, 7.64], "texture": "#all"},
				"up": {"uv": [7.532, 7.508, 7.555, 7.64], "rotation": 180, "texture": "#all"},
				"down": {"uv": [7.532, 7.508, 7.555, 7.64], "rotation": 180, "texture": "#all"}
			}
		},
		{
			"from": [16, 11, 12],
			"to": [16.25, 11.25, 13],
			"faces": {
				"north": {"uv": [7.532, 7.508, 7.555, 7.64], "texture": "#all"},
				"east": {"uv": [7.532, 7.508, 7.555, 7.64], "texture": "#all"},
				"south": {"uv": [7.532, 7.508, 7.555, 7.64], "texture": "#all"},
				"west": {"uv": [7.532, 7.508, 7.555, 7.64], "texture": "#all"},
				"up": {"uv": [7.532, 7.508, 7.555, 7.64], "rotation": 180, "texture": "#all"},
				"down": {"uv": [7.532, 7.508, 7.555, 7.64], "rotation": 180, "texture": "#all"}
			}
		},
		{
			"from": [16.25, 11, 12],
			"to": [16.75, 11.5, 13],
			"faces": {
				"north": {"uv": [7.532, 7.508, 7.555, 7.64], "texture": "#all"},
				"east": {"uv": [7.532, 7.508, 7.555, 7.64], "texture": "#all"},
				"south": {"uv": [7.532, 7.508, 7.555, 7.64], "texture": "#all"},
				"west": {"uv": [7.532, 7.508, 7.555, 7.64], "texture": "#all"},
				"up": {"uv": [7.532, 7.508, 7.555, 7.64], "rotation": 180, "texture": "#all"},
				"down": {"uv": [7.532, 7.508, 7.555, 7.64], "rotation": 180, "texture": "#all"}
			}
		},
		{
			"from": [16, 8, 2],
			"to": [17, 10.75, 5],
			"faces": {
				"north": {"uv": [7.594, 7.571, 7.688, 7.649], "texture": "#all"},
				"east": {"uv": [7.594, 7.571, 7.688, 7.649], "texture": "#all"},
				"south": {"uv": [7.594, 7.571, 7.688, 7.649], "texture": "#all"},
				"west": {"uv": [7.594, 7.571, 7.688, 7.649], "texture": "#all"},
				"up": {"uv": [7.594, 7.571, 7.688, 7.579], "rotation": 180, "texture": "#all"},
				"down": {"uv": [7.594, 7.641, 7.688, 7.649], "rotation": 180, "texture": "#all"}
			}
		},
		{
			"from": [16, 10.75, 4.5],
			"to": [17, 12.25, 5],
			"faces": {
				"north": {"uv": [7.594, 7.524, 7.61, 7.586], "texture": "#all"},
				"east": {"uv": [7.594, 7.524, 7.61, 7.586], "texture": "#all"},
				"south": {"uv": [7.594, 7.524, 7.61, 7.586], "texture": "#all"},
				"west": {"uv": [7.594, 7.524, 7.61, 7.586], "texture": "#all"},
				"up": {"uv": [7.594, 7.524, 7.61, 7.586], "rotation": 180, "texture": "#all"},
				"down": {"uv": [7.594, 7.524, 7.61, 7.586], "rotation": 180, "texture": "#all"}
			}
		},
		{
			"from": [16, 10.75, 2],
			"to": [17, 12.25, 2.5],
			"faces": {
				"north": {"uv": [0.594, 0.024, 0.61, 0.086], "texture": "#all"},
				"east": {"uv": [0.594, 0.024, 0.61, 0.086], "texture": "#all"},
				"south": {"uv": [7.594, 7.524, 7.61, 7.586], "texture": "#all"},
				"west": {"uv": [0.594, 0.024, 0.61, 0.086], "texture": "#all"},
				"up": {"uv": [0.594, 0.024, 0.61, 0.086], "rotation": 90, "texture": "#all"},
				"down": {"uv": [0.594, 0.024, 0.61, 0.086], "rotation": 270, "texture": "#all"}
			}
		},
		{
			"from": [16, 11.5, 4.25],
			"to": [17, 12.5, 4.5],
			"faces": {
				"north": {"uv": [7.594, 7.524, 7.61, 7.586], "texture": "#all"},
				"east": {"uv": [7.594, 7.524, 7.61, 7.586], "texture": "#all"},
				"south": {"uv": [7.594, 7.524, 7.61, 7.586], "texture": "#all"},
				"west": {"uv": [7.594, 7.524, 7.61, 7.586], "texture": "#all"},
				"up": {"uv": [7.594, 7.524, 7.61, 7.586], "rotation": 180, "texture": "#all"},
				"down": {"uv": [7.594, 7.524, 7.61, 7.586], "rotation": 180, "texture": "#all"}
			}
		},
		{
			"from": [16, 11.75, 2.75],
			"to": [17, 12.75, 3],
			"faces": {
				"north": {"uv": [7.594, 7.524, 7.61, 7.586], "texture": "#all"},
				"east": {"uv": [7.594, 7.524, 7.61, 7.586], "texture": "#all"},
				"south": {"uv": [7.594, 7.524, 7.61, 7.586], "texture": "#all"},
				"west": {"uv": [7.594, 7.524, 7.61, 7.586], "texture": "#all"},
				"up": {"uv": [7.594, 7.524, 7.61, 7.586], "rotation": 180, "texture": "#all"},
				"down": {"uv": [7.594, 7.524, 7.61, 7.586], "rotation": 180, "texture": "#all"}
			}
		},
		{
			"from": [16, 12, 3],
			"to": [17, 12.75, 4],
			"rotation": {"angle": 0, "axis": "y", "origin": [0, 19, 0]},
			"faces": {
				"north": {"uv": [7.594, 7.524, 7.61, 7.586], "rotation": 90, "texture": "#all"},
				"east": {"uv": [7.594, 7.524, 7.61, 7.586], "rotation": 90, "texture": "#all"},
				"south": {"uv": [7.594, 7.524, 7.61, 7.586], "rotation": 90, "texture": "#all"},
				"west": {"uv": [7.594, 7.524, 7.61, 7.586], "rotation": 90, "texture": "#all"},
				"up": {"uv": [7.594, 7.524, 7.61, 7.586], "rotation": 90, "texture": "#all"},
				"down": {"uv": [7.594, 7.524, 7.61, 7.586], "rotation": 90, "texture": "#all"}
			}
		},
		{
			"from": [16, 11.75, 2.5],
			"to": [17, 12.5, 2.75],
			"rotation": {"angle": 0, "axis": "y", "origin": [0, 19, 0]},
			"faces": {
				"north": {"uv": [7.594, 7.524, 7.61, 7.586], "texture": "#all"},
				"east": {"uv": [7.594, 7.524, 7.61, 7.586], "texture": "#all"},
				"south": {"uv": [7.594, 7.524, 7.61, 7.586], "texture": "#all"},
				"west": {"uv": [7.594, 7.524, 7.61, 7.586], "texture": "#all"},
				"up": {"uv": [7.594, 7.524, 7.61, 7.586], "texture": "#all"},
				"down": {"uv": [7.594, 7.524, 7.61, 7.586], "texture": "#all"}
			}
		},
		{
			"from": [16, 11.75, 4],
			"to": [17, 12.75, 4.25],
			"faces": {
				"north": {"uv": [7.594, 7.524, 7.61, 7.586], "texture": "#all"},
				"east": {"uv": [7.594, 7.524, 7.61, 7.586], "texture": "#all"},
				"south": {"uv": [7.594, 7.524, 7.61, 7.586], "texture": "#all"},
				"west": {"uv": [7.594, 7.524, 7.61, 7.586], "texture": "#all"},
				"up": {"uv": [7.594, 7.524, 7.61, 7.586], "rotation": 180, "texture": "#all"},
				"down": {"uv": [7.594, 7.524, 7.61, 7.586], "rotation": 180, "texture": "#all"}
			}
		},
		{
			"from": [16, 3, 2.5],
			"to": [17, 8, 2.75],
			"faces": {
				"north": {"uv": [7.68, 7.649, 7.688, 7.82], "texture": "#all"},
				"east": {"uv": [7.68, 7.649, 7.688, 7.82], "texture": "#all"},
				"south": {"uv": [7.68, 7.649, 7.688, 7.82], "texture": "#all"},
				"west": {"uv": [7.68, 7.649, 7.688, 7.82], "texture": "#all"},
				"up": {"uv": [7.68, 7.649, 7.688, 7.82], "rotation": 180, "texture": "#all"},
				"down": {"uv": [7.68, 7.649, 7.688, 7.82], "rotation": 180, "texture": "#all"}
			}
		},
		{
			"from": [16, 4, 3],
			"to": [17, 8, 3.25],
			"faces": {
				"north": {"uv": [7.656, 7.6649, 7.664, 7.8049], "texture": "#all"},
				"east": {"uv": [7.656, 7.6649, 7.664, 7.8049], "texture": "#all"},
				"south": {"uv": [7.656, 7.6649, 7.664, 7.8049], "texture": "#all"},
				"west": {"uv": [7.656, 7.6649, 7.664, 7.8049], "texture": "#all"},
				"up": {"uv": [7.656, 7.6649, 7.664, 7.8049], "rotation": 180, "texture": "#all"},
				"down": {"uv": [7.656, 7.6649, 7.664, 7.8049], "rotation": 180, "texture": "#all"}
			}
		},
		{
			"from": [16, 4.5, 3.25],
			"to": [17, 8, 3.5],
			"faces": {
				"north": {"uv": [7.648, 7.649, 7.656, 7.774], "texture": "#all"},
				"east": {"uv": [7.648, 7.649, 7.656, 7.774], "texture": "#all"},
				"south": {"uv": [7.648, 7.649, 7.656, 7.774], "texture": "#all"},
				"west": {"uv": [7.648, 7.649, 7.656, 7.774], "texture": "#all"},
				"up": {"uv": [7.648, 7.649, 7.656, 7.774], "rotation": 180, "texture": "#all"},
				"down": {"uv": [7.648, 7.649, 7.656, 7.774], "rotation": 180, "texture": "#all"}
			}
		},
		{
			"from": [16, 5.5, 3.75],
			"to": [17, 8, 4],
			"faces": {
				"north": {"uv": [0.68, 0.149, 0.688, 0.32], "texture": "#all"},
				"east": {"uv": [7.632, 7.649, 7.64, 7.744], "texture": "#all"},
				"south": {"uv": [0.68, 0.149, 0.688, 0.32], "texture": "#all"},
				"west": {"uv": [0.68, 0.149, 0.688, 0.32], "texture": "#all"},
				"up": {"uv": [0.68, 0.149, 0.688, 0.32], "rotation": 90, "texture": "#all"},
				"down": {"uv": [0.68, 0.149, 0.688, 0.32], "rotation": 270, "texture": "#all"}
			}
		},
		{
			"from": [16, 7, 4.5],
			"to": [17, 8, 4.75],
			"faces": {
				"north": {"uv": [7.61, 7.649, 7.618, 7.706], "texture": "#all"},
				"east": {"uv": [7.61, 7.649, 7.618, 7.706], "texture": "#all"},
				"south": {"uv": [7.61, 7.649, 7.618, 7.706], "texture": "#all"},
				"west": {"uv": [7.61, 7.649, 7.618, 7.706], "texture": "#all"},
				"up": {"uv": [7.61, 7.649, 7.618, 7.706], "rotation": 180, "texture": "#all"},
				"down": {"uv": [7.61, 7.649, 7.618, 7.706], "rotation": 180, "texture": "#all"}
			}
		},
		{
			"from": [16, 2.5, 2],
			"to": [17, 8, 2.25],
			"faces": {
				"north": {"uv": [7.68, 7.649, 7.688, 7.82], "texture": "#all"},
				"east": {"uv": [7.68, 7.649, 7.688, 7.82], "texture": "#all"},
				"south": {"uv": [7.68, 7.649, 7.688, 7.82], "texture": "#all"},
				"west": {"uv": [7.68, 7.649, 7.688, 7.82], "texture": "#all"},
				"up": {"uv": [7.68, 7.649, 7.688, 7.82], "rotation": 180, "texture": "#all"},
				"down": {"uv": [7.68, 7.649, 7.688, 7.82], "rotation": 180, "texture": "#all"}
			}
		},
		{
			"from": [16, 2.75, 2.25],
			"to": [17, 8, 2.5],
			"faces": {
				"north": {"uv": [7.68, 7.649, 7.688, 7.82], "texture": "#all"},
				"east": {"uv": [7.68, 7.649, 7.688, 7.82], "texture": "#all"},
				"south": {"uv": [7.68, 7.649, 7.688, 7.82], "texture": "#all"},
				"west": {"uv": [7.68, 7.649, 7.688, 7.82], "texture": "#all"},
				"up": {"uv": [7.68, 7.649, 7.688, 7.82], "rotation": 180, "texture": "#all"},
				"down": {"uv": [7.68, 7.649, 7.688, 7.82], "rotation": 180, "texture": "#all"}
			}
		},
		{
			"from": [16, 3.5, 2.75],
			"to": [17, 8, 3],
			"faces": {
				"north": {"uv": [7.68, 7.649, 7.688, 7.82], "texture": "#all"},
				"east": {"uv": [7.68, 7.649, 7.688, 7.82], "texture": "#all"},
				"south": {"uv": [7.68, 7.649, 7.688, 7.82], "texture": "#all"},
				"west": {"uv": [7.68, 7.649, 7.688, 7.82], "texture": "#all"},
				"up": {"uv": [7.68, 7.649, 7.688, 7.82], "rotation": 180, "texture": "#all"},
				"down": {"uv": [7.68, 7.649, 7.688, 7.82], "rotation": 180, "texture": "#all"}
			}
		},
		{
			"from": [16, 5, 3.5],
			"to": [17, 8, 3.75],
			"faces": {
				"north": {"uv": [7.64, 7.649, 7.648, 7.759], "texture": "#all"},
				"east": {"uv": [7.64, 7.649, 7.648, 7.759], "texture": "#all"},
				"south": {"uv": [7.64, 7.649, 7.648, 7.759], "texture": "#all"},
				"west": {"uv": [7.64, 7.649, 7.648, 7.759], "texture": "#all"},
				"up": {"uv": [7.64, 7.649, 7.648, 7.759], "rotation": 180, "texture": "#all"},
				"down": {"uv": [7.64, 7.649, 7.648, 7.759], "rotation": 180, "texture": "#all"}
			}
		},
		{
			"from": [16, 6, 4],
			"to": [17, 8, 4.25],
			"faces": {
				"north": {"uv": [7.624, 7.649, 7.632, 7.729], "texture": "#all"},
				"east": {"uv": [7.624, 7.649, 7.632, 7.729], "texture": "#all"},
				"south": {"uv": [7.624, 7.649, 7.632, 7.729], "texture": "#all"},
				"west": {"uv": [7.624, 7.649, 7.632, 7.729], "texture": "#all"},
				"up": {"uv": [7.624, 7.649, 7.632, 7.729], "rotation": 180, "texture": "#all"},
				"down": {"uv": [7.624, 7.649, 7.632, 7.729], "rotation": 180, "texture": "#all"}
			}
		},
		{
			"from": [16, 6.5, 4.25],
			"to": [17, 8, 4.5],
			"faces": {
				"north": {"uv": [7.616, 7.649, 7.624, 7.714], "texture": "#all"},
				"east": {"uv": [7.616, 7.649, 7.624, 7.714], "texture": "#all"},
				"south": {"uv": [7.616, 7.649, 7.624, 7.714], "texture": "#all"},
				"west": {"uv": [7.616, 7.649, 7.624, 7.714], "texture": "#all"},
				"up": {"uv": [7.616, 7.649, 7.624, 7.714], "rotation": 180, "texture": "#all"},
				"down": {"uv": [7.616, 7.649, 7.624, 7.714], "rotation": 180, "texture": "#all"}
			}
		},
		{
			"from": [12.75, 6, -0.25],
			"to": [13, 7, 0],
			"faces": {
				"north": {"uv": [7.688, 7.61, 7.696, 7.641], "texture": "#all"},
				"east": {"uv": [7.688, 7.61, 7.696, 7.641], "texture": "#all"},
				"south": {"uv": [7.688, 7.61, 7.696, 7.641], "texture": "#all"},
				"west": {"uv": [7.688, 7.61, 7.696, 7.641], "texture": "#all"},
				"up": {"uv": [7.688, 7.61, 7.696, 7.641], "rotation": 270, "texture": "#all"},
				"down": {"uv": [7.688, 7.61, 7.696, 7.641], "rotation": 90, "texture": "#all"}
			}
		},
		{
			"from": [12.5, 5.75, -0.25],
			"to": [12.75, 7.25, 0],
			"faces": {
				"north": {"uv": [7.696, 7.602, 7.704, 7.648], "texture": "#all"},
				"east": {"uv": [7.696, 7.602, 7.704, 7.648], "texture": "#all"},
				"south": {"uv": [7.696, 7.602, 7.704, 7.648], "texture": "#all"},
				"west": {"uv": [7.696, 7.602, 7.704, 7.648], "texture": "#all"},
				"up": {"uv": [7.696, 7.602, 7.704, 7.648], "rotation": 270, "texture": "#all"},
				"down": {"uv": [7.696, 7.602, 7.704, 7.648], "rotation": 90, "texture": "#all"}
			}
		},
		{
			"from": [12, 5, -0.25],
			"to": [12.25, 8, 0],
			"faces": {
				"north": {"uv": [7.711, 7.579, 7.719, 7.664], "texture": "#all"},
				"east": {"uv": [7.711, 7.579, 7.719, 7.664], "texture": "#all"},
				"south": {"uv": [7.711, 7.579, 7.719, 7.664], "texture": "#all"},
				"west": {"uv": [7.711, 7.579, 7.719, 7.664], "texture": "#all"},
				"up": {"uv": [7.711, 7.579, 7.719, 7.664], "rotation": 270, "texture": "#all"},
				"down": {"uv": [7.711, 7.579, 7.719, 7.664], "rotation": 90, "texture": "#all"}
			}
		},
		{
			"from": [11.75, 7.25, -0.25],
			"to": [12, 8.5, 0],
			"faces": {
				"north": {"uv": [7.719, 7.564, 7.727, 7.602], "texture": "#all"},
				"east": {"uv": [7.719, 7.564, 7.727, 7.602], "texture": "#all"},
				"south": {"uv": [7.719, 7.564, 7.727, 7.602], "texture": "#all"},
				"west": {"uv": [7.719, 7.564, 7.727, 7.602], "texture": "#all"},
				"up": {"uv": [7.719, 7.564, 7.727, 7.602], "rotation": 270, "texture": "#all"},
				"down": {"uv": [7.719, 7.564, 7.727, 7.602], "rotation": 90, "texture": "#all"}
			}
		},
		{
			"from": [12.25, 5.5, -0.25],
			"to": [12.5, 7.5, 0],
			"faces": {
				"north": {"uv": [7.704, 7.594, 7.712, 7.656], "texture": "#all"},
				"east": {"uv": [7.704, 7.594, 7.712, 7.656], "texture": "#all"},
				"south": {"uv": [7.704, 7.594, 7.712, 7.656], "texture": "#all"},
				"west": {"uv": [7.704, 7.594, 7.712, 7.656], "texture": "#all"},
				"up": {"uv": [7.704, 7.594, 7.712, 7.656], "rotation": 270, "texture": "#all"},
				"down": {"uv": [7.704, 7.594, 7.712, 7.656], "rotation": 90, "texture": "#all"}
			}
		},
		{
			"from": [11.5, 6.75, -0.25],
			"to": [11.75, 8.5, 0],
			"faces": {
				"north": {"uv": [7.727, 7.564, 7.735, 7.618], "texture": "#all"},
				"east": {"uv": [7.727, 7.564, 7.735, 7.618], "texture": "#all"},
				"south": {"uv": [7.727, 7.564, 7.735, 7.618], "texture": "#all"},
				"west": {"uv": [7.727, 7.564, 7.735, 7.618], "texture": "#all"},
				"up": {"uv": [7.727, 7.564, 7.735, 7.618], "rotation": 270, "texture": "#all"},
				"down": {"uv": [7.727, 7.564, 7.735, 7.618], "rotation": 90, "texture": "#all"}
			}
		},
		{
			"from": [11.25, 5.25, -0.25],
			"to": [11.5, 8, 0],
			"faces": {
				"north": {"uv": [7.735, 7.58, 7.743, 7.665], "texture": "#all"},
				"east": {"uv": [7.735, 7.58, 7.743, 7.665], "texture": "#all"},
				"south": {"uv": [7.735, 7.58, 7.743, 7.665], "texture": "#all"},
				"west": {"uv": [7.735, 7.58, 7.743, 7.665], "texture": "#all"},
				"up": {"uv": [7.735, 7.58, 7.743, 7.665], "rotation": 270, "texture": "#all"},
				"down": {"uv": [7.735, 7.58, 7.743, 7.665], "rotation": 90, "texture": "#all"}
			}
		},
		{
			"from": [11, 5.5, -0.25],
			"to": [11.25, 7.5, 0],
			"faces": {
				"north": {"uv": [7.743, 7.588, 7.751, 7.657], "texture": "#all"},
				"east": {"uv": [7.743, 7.588, 7.751, 7.657], "texture": "#all"},
				"south": {"uv": [7.743, 7.588, 7.751, 7.657], "texture": "#all"},
				"west": {"uv": [7.743, 7.588, 7.751, 7.657], "texture": "#all"},
				"up": {"uv": [7.743, 7.588, 7.751, 7.657], "rotation": 270, "texture": "#all"},
				"down": {"uv": [7.743, 7.588, 7.751, 7.657], "rotation": 90, "texture": "#all"}
			}
		},
		{
			"from": [10.75, 5.75, -0.25],
			"to": [11, 7.25, 0],
			"faces": {
				"north": {"uv": [7.751, 7.604, 7.759, 7.649], "texture": "#all"},
				"east": {"uv": [7.743, 7.588, 7.751, 7.657], "texture": "#all"},
				"south": {"uv": [7.743, 7.588, 7.751, 7.657], "texture": "#all"},
				"west": {"uv": [7.743, 7.588, 7.751, 7.657], "texture": "#all"},
				"up": {"uv": [7.743, 7.588, 7.751, 7.657], "rotation": 270, "texture": "#all"},
				"down": {"uv": [7.743, 7.588, 7.751, 7.657], "rotation": 90, "texture": "#all"}
			}
		},
		{
			"from": [12.5, 9, -0.25],
			"to": [12.75, 10.25, 0],
			"faces": {
				"north": {"uv": [7.697, 7.511, 7.706, 7.548], "texture": "#all"},
				"east": {"uv": [7.697, 7.511, 7.706, 7.548], "texture": "#all"},
				"south": {"uv": [7.697, 7.511, 7.706, 7.548], "texture": "#all"},
				"west": {"uv": [7.697, 7.511, 7.706, 7.548], "texture": "#all"},
				"up": {"uv": [7.697, 7.511, 7.706, 7.548], "rotation": 270, "texture": "#all"},
				"down": {"uv": [7.697, 7.511, 7.706, 7.548], "rotation": 90, "texture": "#all"}
			}
		},
		{
			"from": [10.5, 6, -0.25],
			"to": [10.75, 7, 0],
			"faces": {
				"north": {"uv": [7.759, 7.612, 7.767, 7.641], "texture": "#all"},
				"east": {"uv": [7.743, 7.588, 7.751, 7.657], "texture": "#all"},
				"south": {"uv": [7.743, 7.588, 7.751, 7.657], "texture": "#all"},
				"west": {"uv": [7.743, 7.588, 7.751, 7.657], "texture": "#all"},
				"up": {"uv": [7.743, 7.588, 7.751, 7.657], "rotation": 270, "texture": "#all"},
				"down": {"uv": [7.743, 7.588, 7.751, 7.657], "rotation": 90, "texture": "#all"}
			}
		},
		{
			"from": [12.25, 8.5, -0.25],
			"to": [12.5, 10.5, 0],
			"faces": {
				"north": {"uv": [7.706, 7.503, 7.714, 7.556], "texture": "#all"},
				"east": {"uv": [7.706, 7.503, 7.714, 7.556], "texture": "#all"},
				"south": {"uv": [7.706, 7.503, 7.714, 7.556], "texture": "#all"},
				"west": {"uv": [7.706, 7.503, 7.714, 7.556], "texture": "#all"},
				"up": {"uv": [7.706, 7.503, 7.714, 7.556], "rotation": 270, "texture": "#all"},
				"down": {"uv": [7.706, 7.503, 7.714, 7.556], "rotation": 90, "texture": "#all"}
			}
		},
		{
			"from": [11.25, 8.25, -0.25],
			"to": [11.5, 10, 0],
			"faces": {
				"north": {"uv": [7.711, 7.516, 7.719, 7.569], "texture": "#all"},
				"east": {"uv": [7.711, 7.516, 7.719, 7.569], "texture": "#all"},
				"south": {"uv": [7.711, 7.516, 7.719, 7.569], "texture": "#all"},
				"west": {"uv": [7.711, 7.516, 7.719, 7.569], "texture": "#all"},
				"up": {"uv": [7.711, 7.516, 7.719, 7.569], "rotation": 270, "texture": "#all"},
				"down": {"uv": [7.711, 7.516, 7.719, 7.569], "rotation": 90, "texture": "#all"}
			}
		},
		{
			"from": [11, 8.5, -0.25],
			"to": [11.25, 10.5, 0],
			"faces": {
				"north": {"uv": [7.706, 7.503, 7.714, 7.556], "texture": "#all"},
				"east": {"uv": [7.706, 7.503, 7.714, 7.556], "texture": "#all"},
				"south": {"uv": [7.706, 7.503, 7.714, 7.556], "texture": "#all"},
				"west": {"uv": [7.706, 7.503, 7.714, 7.556], "texture": "#all"},
				"up": {"uv": [7.706, 7.503, 7.714, 7.556], "rotation": 270, "texture": "#all"},
				"down": {"uv": [7.706, 7.503, 7.714, 7.556], "rotation": 90, "texture": "#all"}
			}
		},
		{
			"from": [12, 8.25, -0.25],
			"to": [12.25, 10, 0],
			"faces": {
				"north": {"uv": [7.711, 7.516, 7.719, 7.569], "texture": "#all"},
				"east": {"uv": [7.711, 7.516, 7.719, 7.569], "texture": "#all"},
				"south": {"uv": [7.711, 7.516, 7.719, 7.569], "texture": "#all"},
				"west": {"uv": [7.711, 7.516, 7.719, 7.569], "texture": "#all"},
				"up": {"uv": [7.711, 7.516, 7.719, 7.569], "rotation": 270, "texture": "#all"},
				"down": {"uv": [7.711, 7.516, 7.719, 7.569], "rotation": 90, "texture": "#all"}
			}
		},
		{
			"from": [10.75, 9, -0.25],
			"to": [11, 10.25, 0],
			"faces": {
				"north": {"uv": [7.697, 7.511, 7.706, 7.548], "texture": "#all"},
				"east": {"uv": [7.697, 7.511, 7.706, 7.548], "texture": "#all"},
				"south": {"uv": [7.697, 7.511, 7.706, 7.548], "texture": "#all"},
				"west": {"uv": [7.697, 7.511, 7.706, 7.548], "texture": "#all"},
				"up": {"uv": [7.697, 7.511, 7.706, 7.548], "rotation": 270, "texture": "#all"},
				"down": {"uv": [7.697, 7.511, 7.706, 7.548], "rotation": 90, "texture": "#all"}
			}
		},
		{
			"from": [-1, 5, 2],
			"to": [0, 7, 5],
			"rotation": {"angle": 0, "axis": "y", "origin": [0, 0, 16]},
			"faces": {
				"north": {"uv": [7.5, 7.641, 7.594, 7.703], "texture": "#all"},
				"east": {"uv": [7.5, 7.641, 7.594, 7.703], "texture": "#all"},
				"south": {"uv": [7.5, 7.641, 7.594, 7.703], "texture": "#all"},
				"west": {"uv": [7.5, 7.641, 7.594, 7.703], "texture": "#all"},
				"up": {"uv": [7.5, 7.641, 7.594, 7.703], "rotation": 270, "texture": "#all"},
				"down": {"uv": [7.5, 7.641, 7.594, 7.703], "rotation": 90, "texture": "#all"}
			}
		},
		{
			"from": [-1, 7, 3],
			"to": [0, 11, 4],
			"rotation": {"angle": 0, "axis": "y", "origin": [0, 0, 16]},
			"faces": {
				"north": {"uv": [7.532, 7.508, 7.555, 7.64], "texture": "#all"},
				"east": {"uv": [7.532, 7.508, 7.555, 7.64], "texture": "#all"},
				"south": {"uv": [7.532, 7.508, 7.555, 7.64], "texture": "#all"},
				"west": {"uv": [7.532, 7.508, 7.555, 7.64], "texture": "#all"},
				"up": {"uv": [7.532, 7.508, 7.555, 7.64], "rotation": 270, "texture": "#all"},
				"down": {"uv": [7.532, 7.508, 7.555, 7.64], "rotation": 90, "texture": "#all"}
			}
		},
		{
			"from": [-1, 11, 3.75],
			"to": [0, 11.25, 4],
			"rotation": {"angle": 0, "axis": "y", "origin": [0, 0, 16]},
			"faces": {
				"north": {"uv": [7.532, 7.508, 7.555, 7.64], "texture": "#all"},
				"east": {"uv": [7.532, 7.508, 7.555, 7.64], "texture": "#all"},
				"south": {"uv": [7.532, 7.508, 7.555, 7.64], "texture": "#all"},
				"west": {"uv": [7.532, 7.508, 7.555, 7.64], "texture": "#all"},
				"up": {"uv": [7.532, 7.508, 7.555, 7.64], "rotation": 270, "texture": "#all"},
				"down": {"uv": [7.532, 7.508, 7.555, 7.64], "rotation": 90, "texture": "#all"}
			}
		},
		{
			"from": [-1, 11, 3],
			"to": [0, 11.25, 3.25],
			"rotation": {"angle": 0, "axis": "y", "origin": [0, 0, 16]},
			"faces": {
				"north": {"uv": [7.532, 7.508, 7.555, 7.64], "texture": "#all"},
				"east": {"uv": [7.532, 7.508, 7.555, 7.64], "texture": "#all"},
				"south": {"uv": [7.532, 7.508, 7.555, 7.64], "texture": "#all"},
				"west": {"uv": [7.532, 7.508, 7.555, 7.64], "texture": "#all"},
				"up": {"uv": [7.532, 7.508, 7.555, 7.64], "rotation": 270, "texture": "#all"},
				"down": {"uv": [7.532, 7.508, 7.555, 7.64], "rotation": 90, "texture": "#all"}
			}
		},
		{
			"from": [-1, 11, 3.25],
			"to": [0, 11.5, 3.75],
			"rotation": {"angle": 0, "axis": "y", "origin": [0, 0, 16]},
			"faces": {
				"north": {"uv": [7.532, 7.508, 7.555, 7.64], "texture": "#all"},
				"east": {"uv": [7.532, 7.508, 7.555, 7.64], "texture": "#all"},
				"south": {"uv": [7.532, 7.508, 7.555, 7.64], "texture": "#all"},
				"west": {"uv": [7.532, 7.508, 7.555, 7.64], "texture": "#all"},
				"up": {"uv": [7.532, 7.508, 7.555, 7.64], "rotation": 270, "texture": "#all"},
				"down": {"uv": [7.532, 7.508, 7.555, 7.64], "rotation": 90, "texture": "#all"}
			}
		},
		{
			"from": [-1, 10.75, 11],
			"to": [0, 12.25, 11.5],
			"rotation": {"angle": 0, "axis": "y", "origin": [0, 0, 16]},
			"faces": {
				"north": {"uv": [7.594, 7.524, 7.61, 7.586], "texture": "#all"},
				"east": {"uv": [7.594, 7.524, 7.61, 7.586], "texture": "#all"},
				"south": {"uv": [7.594, 7.524, 7.61, 7.586], "texture": "#all"},
				"west": {"uv": [7.594, 7.524, 7.61, 7.586], "texture": "#all"},
				"up": {"uv": [7.594, 7.524, 7.61, 7.586], "rotation": 270, "texture": "#all"},
				"down": {"uv": [7.594, 7.524, 7.61, 7.586], "rotation": 90, "texture": "#all"}
			}
		},
		{
			"from": [-1, 10.75, 13.5],
			"to": [0, 12.25, 14],
			"rotation": {"angle": 0, "axis": "y", "origin": [0, 0, 16]},
			"faces": {
				"north": {"uv": [7.594, 7.524, 7.61, 7.586], "texture": "#all"},
				"east": {"uv": [7.594, 7.524, 7.61, 7.586], "texture": "#all"},
				"south": {"uv": [7.594, 7.524, 7.61, 7.586], "texture": "#all"},
				"west": {"uv": [7.594, 7.524, 7.61, 7.586], "texture": "#all"},
				"up": {"uv": [7.594, 7.524, 7.61, 7.586], "rotation": 270, "texture": "#all"},
				"down": {"uv": [7.594, 7.524, 7.61, 7.586], "rotation": 90, "texture": "#all"}
			}
		},
		{
			"from": [-1, 8, 11],
			"to": [0, 10.75, 14],
			"rotation": {"angle": 0, "axis": "y", "origin": [0, 0, 16]},
			"faces": {
				"north": {"uv": [7.594, 7.571, 7.688, 7.649], "texture": "#all"},
				"east": {"uv": [7.594, 7.571, 7.688, 7.649], "texture": "#all"},
				"south": {"uv": [7.594, 7.571, 7.688, 7.649], "texture": "#all"},
				"west": {"uv": [7.594, 7.571, 7.688, 7.649], "texture": "#all"},
				"up": {"uv": [7.594, 7.571, 7.688, 7.579], "rotation": 270, "texture": "#all"},
				"down": {"uv": [7.594, 7.641, 7.688, 7.649], "rotation": 90, "texture": "#all"}
			}
		},
		{
			"from": [-1, 11.5, 13.25],
			"to": [0, 12.5, 13.5],
			"rotation": {"angle": 0, "axis": "y", "origin": [0, 0, 16]},
			"faces": {
				"north": {"uv": [7.594, 7.524, 7.61, 7.586], "texture": "#all"},
				"east": {"uv": [7.594, 7.524, 7.61, 7.586], "texture": "#all"},
				"south": {"uv": [7.594, 7.524, 7.61, 7.586], "texture": "#all"},
				"west": {"uv": [7.594, 7.524, 7.61, 7.586], "texture": "#all"},
				"up": {"uv": [7.594, 7.524, 7.61, 7.586], "rotation": 270, "texture": "#all"},
				"down": {"uv": [7.594, 7.524, 7.61, 7.586], "rotation": 90, "texture": "#all"}
			}
		},
		{
			"from": [-1, 11.5, 11.5],
			"to": [0, 12.5, 11.75],
			"rotation": {"angle": 0, "axis": "y", "origin": [0, 0, 16]},
			"faces": {
				"north": {"uv": [7.594, 7.524, 7.61, 7.586], "texture": "#all"},
				"east": {"uv": [7.594, 7.524, 7.61, 7.586], "texture": "#all"},
				"south": {"uv": [7.594, 7.524, 7.61, 7.586], "texture": "#all"},
				"west": {"uv": [7.594, 7.524, 7.61, 7.586], "texture": "#all"},
				"up": {"uv": [7.594, 7.524, 7.61, 7.586], "rotation": 270, "texture": "#all"},
				"down": {"uv": [7.594, 7.524, 7.61, 7.586], "rotation": 90, "texture": "#all"}
			}
		},
		{
			"from": [-1, 11.75, 11.75],
			"to": [0, 12.75, 12],
			"rotation": {"angle": 0, "axis": "y", "origin": [0, 0, 16]},
			"faces": {
				"north": {"uv": [7.594, 7.524, 7.61, 7.586], "texture": "#all"},
				"east": {"uv": [7.594, 7.524, 7.61, 7.586], "texture": "#all"},
				"south": {"uv": [7.594, 7.524, 7.61, 7.586], "texture": "#all"},
				"west": {"uv": [7.594, 7.524, 7.61, 7.586], "texture": "#all"},
				"up": {"uv": [7.594, 7.524, 7.61, 7.586], "rotation": 270, "texture": "#all"},
				"down": {"uv": [7.594, 7.524, 7.61, 7.586], "rotation": 90, "texture": "#all"}
			}
		},
		{
			"from": [-1, 12, 12],
			"to": [0, 12.75, 13],
			"rotation": {"angle": 0, "axis": "y", "origin": [0, 0, 16]},
			"faces": {
				"north": {"uv": [7.594, 7.524, 7.61, 7.586], "texture": "#all"},
				"east": {"uv": [7.594, 7.524, 7.61, 7.586], "texture": "#all"},
				"south": {"uv": [7.594, 7.524, 7.61, 7.586], "texture": "#all"},
				"west": {"uv": [7.594, 7.524, 7.61, 7.586], "texture": "#all"},
				"up": {"uv": [7.594, 7.524, 7.61, 7.586], "rotation": 270, "texture": "#all"},
				"down": {"uv": [7.594, 7.524, 7.61, 7.586], "rotation": 90, "texture": "#all"}
			}
		},
		{
			"from": [-1, 11.75, 13],
			"to": [0, 12.75, 13.25],
			"rotation": {"angle": 0, "axis": "y", "origin": [7, 19, 3]},
			"faces": {
				"north": {"uv": [7.594, 7.524, 7.61, 7.586], "texture": "#all"},
				"east": {"uv": [7.594, 7.524, 7.61, 7.586], "texture": "#all"},
				"south": {"uv": [7.594, 7.524, 7.61, 7.586], "texture": "#all"},
				"west": {"uv": [7.594, 7.524, 7.61, 7.586], "texture": "#all"},
				"up": {"uv": [7.594, 7.524, 7.61, 7.586], "rotation": 270, "texture": "#all"},
				"down": {"uv": [7.594, 7.524, 7.61, 7.586], "rotation": 90, "texture": "#all"}
			}
		},
		{
			"from": [-1, 2.5, 13.75],
			"to": [0, 8, 14],
			"rotation": {"angle": 0, "axis": "y", "origin": [0, 0, 16]},
			"faces": {
				"north": {"uv": [7.68, 7.813, 7.688, 7.821], "texture": "#all"},
				"east": {"uv": [7.68, 7.813, 7.688, 7.821], "texture": "#all"},
				"south": {"uv": [7.68, 7.813, 7.688, 7.821], "texture": "#all"},
				"west": {"uv": [7.68, 7.649, 7.688, 7.82], "texture": "#all"},
				"up": {"uv": [7.68, 7.813, 7.688, 7.821], "rotation": 270, "texture": "#all"},
				"down": {"uv": [7.68, 7.813, 7.688, 7.821], "rotation": 90, "texture": "#all"}
			}
		},
		{
			"from": [-1, 2.75, 13.5],
			"to": [0, 8, 13.75],
			"rotation": {"angle": 0, "axis": "y", "origin": [0, 0, 16]},
			"faces": {
				"north": {"uv": [7.672, 7.649, 7.68, 7.812], "texture": "#all"},
				"east": {"uv": [7.672, 7.649, 7.68, 7.812], "texture": "#all"},
				"south": {"uv": [7.672, 7.649, 7.68, 7.812], "texture": "#all"},
				"west": {"uv": [7.672, 7.649, 7.68, 7.812], "texture": "#all"},
				"up": {"uv": [7.672, 7.649, 7.68, 7.812], "rotation": 270, "texture": "#all"},
				"down": {"uv": [7.672, 7.649, 7.68, 7.812], "rotation": 90, "texture": "#all"}
			}
		},
		{
			"from": [-1, 3, 13.25],
			"to": [0, 8, 13.5],
			"rotation": {"angle": 0, "axis": "y", "origin": [0, 0, 16]},
			"faces": {
				"north": {"uv": [7.664, 7.649, 7.672, 7.804], "texture": "#all"},
				"east": {"uv": [7.664, 7.649, 7.672, 7.804], "texture": "#all"},
				"south": {"uv": [7.664, 7.649, 7.672, 7.804], "texture": "#all"},
				"west": {"uv": [7.664, 7.649, 7.672, 7.804], "texture": "#all"},
				"up": {"uv": [7.664, 7.649, 7.672, 7.804], "rotation": 270, "texture": "#all"},
				"down": {"uv": [7.664, 7.649, 7.672, 7.804], "rotation": 90, "texture": "#all"}
			}
		},
		{
			"from": [-1, 3.5, 13],
			"to": [0, 8, 13.25],
			"rotation": {"angle": 0, "axis": "y", "origin": [0, 0, 16]},
			"faces": {
				"north": {"uv": [7.664, 7.649, 7.672, 7.804], "texture": "#all"},
				"east": {"uv": [7.664, 7.649, 7.672, 7.804], "texture": "#all"},
				"south": {"uv": [7.664, 7.649, 7.672, 7.804], "texture": "#all"},
				"west": {"uv": [7.664, 7.649, 7.672, 7.804], "texture": "#all"},
				"up": {"uv": [7.664, 7.649, 7.672, 7.804], "rotation": 270, "texture": "#all"},
				"down": {"uv": [7.664, 7.649, 7.672, 7.804], "rotation": 90, "texture": "#all"}
			}
		},
		{
			"from": [-1, 4.5, 12.5],
			"to": [0, 8, 12.75],
			"rotation": {"angle": 0, "axis": "y", "origin": [0, 0, 16]},
			"faces": {
				"north": {"uv": [7.648, 7.649, 7.656, 7.774], "texture": "#all"},
				"east": {"uv": [7.648, 7.649, 7.656, 7.774], "texture": "#all"},
				"south": {"uv": [7.648, 7.649, 7.656, 7.774], "texture": "#all"},
				"west": {"uv": [7.648, 7.649, 7.656, 7.774], "texture": "#all"},
				"up": {"uv": [7.648, 7.649, 7.656, 7.774], "rotation": 270, "texture": "#all"},
				"down": {"uv": [7.648, 7.649, 7.656, 7.774], "rotation": 90, "texture": "#all"}
			}
		},
		{
			"from": [-1, 4, 12.75],
			"to": [0, 8, 13],
			"rotation": {"angle": 0, "axis": "y", "origin": [0, 0, 16]},
			"faces": {
				"north": {"uv": [7.656, 7.649, 7.664, 7.789], "texture": "#all"},
				"east": {"uv": [7.656, 7.649, 7.664, 7.789], "texture": "#all"},
				"south": {"uv": [7.656, 7.649, 7.664, 7.789], "texture": "#all"},
				"west": {"uv": [7.656, 7.649, 7.664, 7.789], "texture": "#all"},
				"up": {"uv": [7.656, 7.649, 7.664, 7.789], "rotation": 270, "texture": "#all"},
				"down": {"uv": [7.656, 7.649, 7.664, 7.789], "rotation": 90, "texture": "#all"}
			}
		},
		{
			"from": [-1, 5, 12.25],
			"to": [0, 8, 12.5],
			"rotation": {"angle": 0, "axis": "y", "origin": [0, 0, 16]},
			"faces": {
				"north": {"uv": [7.64, 7.649, 7.648, 7.759], "texture": "#all"},
				"east": {"uv": [7.64, 7.649, 7.648, 7.759], "texture": "#all"},
				"south": {"uv": [7.64, 7.649, 7.648, 7.759], "texture": "#all"},
				"west": {"uv": [7.64, 7.649, 7.648, 7.759], "texture": "#all"},
				"up": {"uv": [7.64, 7.649, 7.648, 7.759], "rotation": 270, "texture": "#all"},
				"down": {"uv": [7.64, 7.649, 7.648, 7.759], "rotation": 90, "texture": "#all"}
			}
		},
		{
			"from": [-1, 5.5, 12],
			"to": [0, 8, 12.25],
			"rotation": {"angle": 0, "axis": "y", "origin": [0, 0, 16]},
			"faces": {
				"north": {"uv": [7.632, 7.649, 7.64, 7.744], "texture": "#all"},
				"east": {"uv": [7.632, 7.649, 7.64, 7.744], "texture": "#all"},
				"south": {"uv": [7.632, 7.649, 7.64, 7.744], "texture": "#all"},
				"west": {"uv": [7.632, 7.649, 7.64, 7.744], "texture": "#all"},
				"up": {"uv": [7.632, 7.649, 7.64, 7.744], "rotation": 270, "texture": "#all"},
				"down": {"uv": [7.632, 7.649, 7.64, 7.744], "rotation": 90, "texture": "#all"}
			}
		},
		{
			"from": [-1, 6, 11.75],
			"to": [0, 8, 12],
			"rotation": {"angle": 0, "axis": "y", "origin": [0, 0, 16]},
			"faces": {
				"north": {"uv": [7.624, 7.649, 7.632, 7.729], "texture": "#all"},
				"east": {"uv": [7.624, 7.649, 7.632, 7.729], "texture": "#all"},
				"south": {"uv": [7.624, 7.649, 7.632, 7.729], "texture": "#all"},
				"west": {"uv": [7.624, 7.649, 7.632, 7.729], "texture": "#all"},
				"up": {"uv": [7.624, 7.649, 7.632, 7.729], "rotation": 270, "texture": "#all"},
				"down": {"uv": [7.624, 7.649, 7.632, 7.729], "rotation": 90, "texture": "#all"}
			}
		},
		{
			"from": [-1, 6.5, 11.5],
			"to": [0, 8, 11.75],
			"rotation": {"angle": 0, "axis": "y", "origin": [0, 0, 16]},
			"faces": {
				"north": {"uv": [0.68, 0.149, 0.688, 0.32], "texture": "#all"},
				"east": {"uv": [0.68, 0.149, 0.688, 0.32], "texture": "#all"},
				"south": {"uv": [0.68, 0.149, 0.688, 0.32], "texture": "#all"},
				"west": {"uv": [7.616, 7.649, 7.624, 7.714], "texture": "#all"},
				"up": {"uv": [0.68, 0.149, 0.688, 0.32], "rotation": 270, "texture": "#all"},
				"down": {"uv": [0.68, 0.149, 0.688, 0.32], "rotation": 90, "texture": "#all"}
			}
		},
		{
			"from": [-1, 7, 11.25],
			"to": [0, 8, 11.5],
			"rotation": {"angle": 0, "axis": "y", "origin": [0, 0, 16]},
			"faces": {
				"north": {"uv": [7.61, 7.649, 7.618, 7.706], "texture": "#all"},
				"east": {"uv": [7.61, 7.649, 7.618, 7.706], "texture": "#all"},
				"south": {"uv": [7.61, 7.649, 7.618, 7.706], "texture": "#all"},
				"west": {"uv": [7.61, 7.649, 7.618, 7.706], "texture": "#all"},
				"up": {"uv": [7.61, 7.649, 7.618, 7.706], "rotation": 270, "texture": "#all"},
				"down": {"uv": [7.61, 7.649, 7.618, 7.706], "rotation": 90, "texture": "#all"}
			}
		}
	],
	"display": {
		"firstperson_lefthand": {"rotation": [0, -45, 0], "scale": [0.5, 0.5, 0.5]},
		"firstperson_righthand": {"rotation": [0, -45, 0], "scale": [0.5, 0.5, 0.5]},
		"gui": {"rotation": [30, -45, 0], "scale": [0.6, 0.6, 0.6]},
		"thirdperson_lefthand": {"rotation": [0, -45, 0], "scale": [0.5, 0.5, 0.5]},
		"thirdperson_righthand": {"rotation": [0, -45, 0], "scale": [0.5, 0.5, 0.5]}
	}
}
